"name","age","email","city"
"John Doe",28,"john.doe@example.com","New York"
"Jane Smith",34,"jane.smith@example.com","Los Angeles"
"Michael Johnson",45,"michael.johnson@example.com","Chicago"
"Emily Davis",22,"emily.davis@example.com","Houston"
"David Wilson",30,"david.wilson@example.com","Phoenix"
"Sarah Brown",27,"sarah.brown@example.com","Philadelphia"
"James Jones",40,"james.jones@example.com","San Antonio"
"Linda Garcia",35,"linda.garcia@example.com","San Diego"
"Robert Martinez",50,"robert.martinez@example.com","Dallas"
"Patricia Rodriguez",29,"patricia.rodriguez@example.com","San Jose"
"Charles Hernandez",33,"charles.hernandez@example.com","Austin"
"Barbara Lopez",26,"barbara.lopez@example.com","Jacksonville"
"Thomas Gonzalez",38,"thomas.gonzalez@example.com","Fort Worth"
"Jessica Wilson",24,"jessica.wilson@example.com","Columbus"
"Christopher Anderson",31,"christopher.anderson@example.com","Charlotte"
"Karen Thomas",42,"karen.thomas@example.com","San Francisco"
"Daniel Taylor",36,"daniel.taylor@example.com","Indianapolis"
"Lisa Moore",28,"lisa.moore@example.com","Seattle"
"Matthew Jackson",32,"matthew.jackson@example.com","Denver"
"Betty White",44,"betty.white@example.com","Washington"